<?xml version="1.0" encoding="UTF-8"?>
<beans xmlns="http://www.springframework.org/schema/beans"
	xmlns:xsi="http://www.w3.org/2001/XMLSchema-instance"
	xmlns:aop="http://www.springframework.org/schema/aop"
	xmlns:context="http://www.springframework.org/schema/context"
	xmlns:mvc="http://www.springframework.org/schema/mvc"
	xmlns:p="http://www.springframework.org/schema/p"
	xsi:schemaLocation="http://www.springframework.org/schema/beans http://www.springframework.org/schema/beans/spring-beans-4.3.xsd
		http://www.springframework.org/schema/aop http://www.springframework.org/schema/aop/spring-aop-4.3.xsd
		http://www.springframework.org/schema/context http://www.springframework.org/schema/context/spring-context-4.3.xsd
		http://www.springframework.org/schema/mvc http://www.springframework.org/schema/mvc/spring-mvc-4.3.xsd">

	
<bean class="org.springframework.jdbc.datasource.DriverManagerDataSource" id="dataSource">

<property  name="driverClassName" value="com.mysql.jdbc.Driver"/>

<property name="url"  value="jdbc:mysql://localhost:3306/bank"/>

<property name="username"  value="root"/>

<property name="password"  value="cdac"/>

</bean>


<bean class="org.springframework.orm.hibernate4.LocalSessionFactoryBean" id="sessionFactory" autowire="byName">


<property name="hibernateProperties">


<props>

<prop key="hibernate.dialect">org.hibernate.dialect.MySQLDialect</prop>

<prop key="hibernate.show_sql">true</prop>

<prop key="hibernate.hbm2ddl.auto">update</prop>

</props>

</property>


<property name="annotatedClasses">


<list>

<value>com.bank.dto.Customer</value>



</list>

</property>

</bean>

<bean class="org.springframework.orm.hibernate4.HibernateTemplate" id="hibernateTemplate" autowire="byType"/>

<context:component-scan base-package="com.bank"/>


<bean class="org.springframework.web.servlet.view.InternalResourceViewResolver" id="viewResolver">

<property value="/" name="prefix"/>

<property value=".jsp" name="suffix"/>

</bean>

</beans>
